{
  "deployment_id": "deploy_20251123_001718",
  "timestamp": "2025-11-23T00:17:18.663611",
  "description": "Rollback completed to deploy_20251123_001444",
  "containers": {
    "db-server-1": {
      "image": "mysql:8.0",
      "status": "restarting",
      "id": "0a0bca01d703",
      "created": "2025-11-23T05:14:53.757830212Z"
    },
    "client-pc-1": {
      "image": "ubuntu:22.04",
      "status": "restarting",
      "id": "41553e488fe1",
      "created": "2025-11-23T05:14:46.127795712Z"
    },
    "client-pc-2": {
      "image": "ubuntu:22.04",
      "status": "restarting",
      "id": "fbbfc23b2c24",
      "created": "2025-11-23T05:14:44.632991182Z"
    }
  },
  "config": null,
  "status": "created"
}