{
  "deployment_id": "deploy_20251123_001703",
  "timestamp": "2025-11-23T00:17:04.094889",
  "description": "Backup before rollback to deploy_20251123_001444",
  "containers": {
    "web-server-1": {
      "image": "nginx:alpine",
      "status": "running",
      "id": "c531523e05c8",
      "created": "2025-11-23T05:15:01.47879743Z"
    },
    "web-server-2": {
      "image": "nginx:alpine",
      "status": "running",
      "id": "8124fafde612",
      "created": "2025-11-23T05:14:57.679093618Z"
    },
    "db-server-1": {
      "image": "mysql:8.0",
      "status": "restarting",
      "id": "0a0bca01d703",
      "created": "2025-11-23T05:14:53.757830212Z"
    },
    "email-server-1": {
      "image": "namshi/smtp:latest",
      "status": "running",
      "id": "b2128cbb68f9",
      "created": "2025-11-23T05:14:48.583631407Z"
    },
    "client-pc-1": {
      "image": "ubuntu:22.04",
      "status": "restarting",
      "id": "41553e488fe1",
      "created": "2025-11-23T05:14:46.127795712Z"
    },
    "client-pc-2": {
      "image": "ubuntu:22.04",
      "status": "restarting",
      "id": "fbbfc23b2c24",
      "created": "2025-11-23T05:14:44.632991182Z"
    }
  },
  "config": null,
  "status": "created"
}