{
  "deployment_id": "deploy_20251123_001326",
  "timestamp": "2025-11-23T00:13:27.173108",
  "description": "Backup before rollback to deploy_20251122_233901",
  "containers": {
    "client-pc-2": {
      "image": "ubuntu:22.04",
      "status": "running",
      "id": "55010a87e983",
      "created": "2025-11-23T05:02:41.635382459Z"
    },
    "client-pc-1": {
      "image": "ubuntu:22.04",
      "status": "running",
      "id": "ebc91ff369ee",
      "created": "2025-11-23T05:02:38.716166508Z"
    },
    "email-server-1": {
      "image": "namshi/smtp:latest",
      "status": "exited",
      "id": "88b80ae222f2",
      "created": "2025-11-23T05:02:37.184046951Z"
    },
    "db-server-1": {
      "image": "mysql:8.0",
      "status": "restarting",
      "id": "3e21c4ad94fb",
      "created": "2025-11-23T05:02:35.985834857Z"
    },
    "web-server-2": {
      "image": "nginx:alpine",
      "status": "running",
      "id": "eb4ceef16284",
      "created": "2025-11-23T05:02:34.734239601Z"
    },
    "web-server-1": {
      "image": "nginx:alpine",
      "status": "running",
      "id": "f860b713aedd",
      "created": "2025-11-23T05:02:33.666855046Z"
    }
  },
  "config": null,
  "status": "created"
}