{
  "current_deployment": "deploy_20251123_023045",
  "deployment_history": [
    {
      "deployment_id": "deploy_20251122_233901",
      "timestamp": "2025-11-22T23:39:02.068901",
      "description": "Infrastructure deployment started",
      "container_count": 0
    },
    {
      "deployment_id": "deploy_20251122_235516",
      "timestamp": "2025-11-22T23:55:16.442711",
      "description": "Backup before rollback to deploy_20251122_233901",
      "container_count": 0
    },
    {
      "deployment_id": "deploy_20251122_235750",
      "timestamp": "2025-11-22T23:57:50.273630",
      "description": "Backup before rollback to deploy_20251122_233901",
      "container_count": 0
    },
    {
      "deployment_id": "deploy_20251122_235755",
      "timestamp": "2025-11-22T23:57:55.193049",
      "description": "Backup before rollback to deploy_20251122_235516",
      "container_count": 0
    },
    {
      "deployment_id": "deploy_20251123_000229",
      "timestamp": "2025-11-23T00:02:29.759662",
      "description": "Infrastructure deployment started",
      "container_count": 0
    },
    {
      "deployment_id": "deploy_20251123_001326",
      "timestamp": "2025-11-23T00:13:27.173108",
      "description": "Backup before rollback to deploy_20251122_233901",
      "container_count": 6
    },
    {
      "deployment_id": "deploy_20251123_001403",
      "timestamp": "2025-11-23T00:14:03.122799",
      "description": "Rollback completed to deploy_20251122_233901",
      "container_count": 0
    },
    {
      "deployment_id": "deploy_20251123_001444",
      "timestamp": "2025-11-23T00:14:44.611785",
      "description": "Backup before rollback to deploy_20251123_001326",
      "container_count": 0
    },
    {
      "deployment_id": "deploy_20251123_001630",
      "timestamp": "2025-11-23T00:16:30.684417",
      "description": "Rollback completed to deploy_20251123_001326",
      "container_count": 6
    },
    {
      "deployment_id": "deploy_20251123_001703",
      "timestamp": "2025-11-23T00:17:04.094889",
      "description": "Backup before rollback to deploy_20251123_001444",
      "container_count": 6
    },
    {
      "deployment_id": "deploy_20251123_001718",
      "timestamp": "2025-11-23T00:17:18.663611",
      "description": "Rollback completed to deploy_20251123_001444",
      "container_count": 3
    },
    {
      "deployment_id": "deploy_20251123_004447",
      "timestamp": "2025-11-23T00:44:47.176777",
      "description": "Backup before rollback to deploy_20251123_001703",
      "container_count": 0
    },
    {
      "deployment_id": "deploy_20251123_004459",
      "timestamp": "2025-11-23T00:44:59.654705",
      "description": "Rollback completed to deploy_20251123_001703",
      "container_count": 6
    },
    {
      "deployment_id": "deploy_20251123_004556",
      "timestamp": "2025-11-23T00:45:56.875786",
      "description": "Infrastructure deployment started",
      "container_count": 0
    },
    {
      "deployment_id": "deploy_20251123_013513",
      "timestamp": "2025-11-23T01:35:13.564903",
      "description": "Backup before rollback to deploy_20251123_004459",
      "container_count": 6
    },
    {
      "deployment_id": "deploy_20251123_013625",
      "timestamp": "2025-11-23T01:36:25.848645",
      "description": "Rollback completed to deploy_20251123_004459",
      "container_count": 4
    },
    {
      "deployment_id": "deploy_20251123_013731",
      "timestamp": "2025-11-23T01:37:31.874555",
      "description": "Backup before rollback to deploy_20251123_013513",
      "container_count": 4
    },
    {
      "deployment_id": "deploy_20251123_013836",
      "timestamp": "2025-11-23T01:38:36.825450",
      "description": "Rollback completed to deploy_20251123_013513",
      "container_count": 7
    },
    {
      "deployment_id": "deploy_20251123_014245",
      "timestamp": "2025-11-23T01:42:45.396216",
      "description": "Infrastructure deployment started",
      "container_count": 0
    },
    {
      "deployment_id": "deploy_20251123_023045",
      "timestamp": "2025-11-23T02:30:45.942318",
      "description": "Infrastructure deployment started",
      "container_count": 0
    }
  ],
  "containers": {},
  "networks": []
}