{
  "deployment_id": "deploy_20251123_013513",
  "timestamp": "2025-11-23T01:35:13.564903",
  "description": "Backup before rollback to deploy_20251123_004459",
  "containers": {
    "client-pc-2": {
      "image": "ubuntu:22.04",
      "status": "running",
      "id": "c01748565ce2",
      "created": "2025-11-23T05:46:10.496483944Z"
    },
    "client-pc-1": {
      "image": "ubuntu:22.04",
      "status": "running",
      "id": "ac5785b66a04",
      "created": "2025-11-23T05:46:07.430862662Z"
    },
    "email-server-1": {
      "image": "namshi/smtp:latest",
      "status": "running",
      "id": "ad7bf920a019",
      "created": "2025-11-23T05:46:05.176493822Z"
    },
    "db-server-1": {
      "image": "mysql:8.0",
      "status": "running",
      "id": "7e397c3375dc",
      "created": "2025-11-23T05:46:03.82349138Z"
    },
    "web-server-2": {
      "image": "nginx:alpine",
      "status": "running",
      "id": "fde081af280c",
      "created": "2025-11-23T05:46:02.543988616Z"
    },
    "web-server-1": {
      "image": "nginx:alpine",
      "status": "running",
      "id": "09dfb03e750d",
      "created": "2025-11-23T05:46:01.238562367Z"
    }
  },
  "config": null,
  "status": "created"
}