{
  "deployment_id": "deploy_20251123_004459",
  "timestamp": "2025-11-23T00:44:59.654705",
  "description": "Rollback completed to deploy_20251123_001703",
  "containers": {
    "client-pc-2": {
      "image": "ubuntu:22.04",
      "status": "created",
      "id": "95bf23e49e54",
      "created": "2025-11-23T05:44:48.763942291Z"
    },
    "client-pc-1": {
      "image": "ubuntu:22.04",
      "status": "created",
      "id": "2c467ff68dad",
      "created": "2025-11-23T05:44:48.559590504Z"
    },
    "email-server-1": {
      "image": "namshi/smtp:latest",
      "status": "created",
      "id": "7015a5851960",
      "created": "2025-11-23T05:44:48.270507705Z"
    },
    "db-server-1": {
      "image": "mysql:8.0",
      "status": "created",
      "id": "442b2efec9b6",
      "created": "2025-11-23T05:44:48.032820408Z"
    },
    "web-server-2": {
      "image": "nginx:alpine",
      "status": "created",
      "id": "4a73e470f546",
      "created": "2025-11-23T05:44:47.66677368Z"
    },
    "web-server-1": {
      "image": "nginx:alpine",
      "status": "created",
      "id": "60b7c96ed30f",
      "created": "2025-11-23T05:44:47.204911434Z"
    }
  },
  "config": null,
  "status": "created"
}