{
  "timestamp": "2025-11-23T01:41:19.244032",
  "total_containers": 28,
  "checked_containers": [
    {
      "name": "client-pc-3",
      "timestamp": "2025-11-23T01:41:19.245730",
      "status": "running",
      "healthy": true,
      "issues": [],
      "memory_usage_mb": 122.61,
      "memory_limit_mb": 8576.91,
      "memory_percent": 1.43,
      "cpu_percent": 0.29,
      "networks": [
        "frontend_net"
      ]
    },
    {
      "name": "client-pc-1",
      "timestamp": "2025-11-23T01:41:21.419294",
      "healthy": false,
      "issues": [
        "Health check error: 'usage'"
      ]
    },
    {
      "name": "client-pc-2",
      "timestamp": "2025-11-23T01:41:21.431928",
      "healthy": false,
      "issues": [
        "Health check error: 'usage'"
      ]
    },
    {
      "name": "email-server-1",
      "timestamp": "2025-11-23T01:41:21.444240",
      "status": "running",
      "healthy": true,
      "issues": [],
      "memory_usage_mb": 1.48,
      "memory_limit_mb": 8576.91,
      "memory_percent": 0.02,
      "cpu_percent": 0.01,
      "networks": [
        "backend_net",
        "frontend_net"
      ]
    },
    {
      "name": "db-server-1",
      "timestamp": "2025-11-23T01:41:22.518391",
      "status": "running",
      "healthy": true,
      "issues": [],
      "memory_usage_mb": 474.36,
      "memory_limit_mb": 8576.91,
      "memory_percent": 5.53,
      "cpu_percent": 0.53,
      "networks": [
        "backend_net"
      ]
    },
    {
      "name": "web-server-2",
      "timestamp": "2025-11-23T01:41:24.834692",
      "status": "running",
      "healthy": true,
      "issues": [],
      "memory_usage_mb": 82.0,
      "memory_limit_mb": 8576.91,
      "memory_percent": 0.96,
      "cpu_percent": 0.17,
      "networks": [
        "backend_net",
        "frontend_net"
      ]
    },
    {
      "name": "web-server-1",
      "timestamp": "2025-11-23T01:41:26.870672",
      "status": "running",
      "healthy": true,
      "issues": [],
      "memory_usage_mb": 51.93,
      "memory_limit_mb": 8576.91,
      "memory_percent": 0.61,
      "cpu_percent": 0.17,
      "networks": [
        "backend_net",
        "frontend_net"
      ]
    }
  ],
  "summary": {
    "healthy": 5,
    "unhealthy": 0,
    "stopped": 2
  }
}