{
  "timestamp": "2025-11-23T01:48:04.514951",
  "total_containers": 28,
  "checked_containers": [
    {
      "name": "client-pc-3",
      "timestamp": "2025-11-23T01:48:04.522308",
      "status": "running",
      "healthy": true,
      "issues": [],
      "memory_usage_mb": 248.78,
      "memory_limit_mb": 8576.91,
      "memory_percent": 2.9,
      "cpu_percent": 0.35,
      "networks": [
        "client_net",
        "frontend_net"
      ]
    },
    {
      "name": "client-pc-2",
      "timestamp": "2025-11-23T01:48:05.719583",
      "status": "running",
      "healthy": true,
      "issues": [],
      "memory_usage_mb": 220.12,
      "memory_limit_mb": 8576.91,
      "memory_percent": 2.57,
      "cpu_percent": 0.3,
      "networks": [
        "client_net",
        "frontend_net"
      ]
    },
    {
      "name": "client-pc-1",
      "timestamp": "2025-11-23T01:48:07.919451",
      "status": "running",
      "healthy": false,
      "issues": [
        "Required tools not installed"
      ],
      "memory_usage_mb": 98.65,
      "memory_limit_mb": 8576.91,
      "memory_percent": 1.15,
      "cpu_percent": 0.04,
      "networks": [
        "client_net",
        "frontend_net"
      ]
    },
    {
      "name": "email-server-1",
      "timestamp": "2025-11-23T01:48:09.995822",
      "status": "running",
      "healthy": true,
      "issues": [],
      "memory_usage_mb": 1.35,
      "memory_limit_mb": 8576.91,
      "memory_percent": 0.02,
      "cpu_percent": 0.0,
      "networks": [
        "backend_net",
        "frontend_net"
      ]
    },
    {
      "name": "db-server-1",
      "timestamp": "2025-11-23T01:48:11.683525",
      "status": "running",
      "healthy": true,
      "issues": [],
      "memory_usage_mb": 458.98,
      "memory_limit_mb": 8576.91,
      "memory_percent": 5.35,
      "cpu_percent": 0.18,
      "networks": [
        "backend_net"
      ]
    },
    {
      "name": "web-server-2",
      "timestamp": "2025-11-23T01:48:14.126902",
      "status": "running",
      "healthy": true,
      "issues": [],
      "memory_usage_mb": 3.31,
      "memory_limit_mb": 8576.91,
      "memory_percent": 0.04,
      "cpu_percent": 0.0,
      "networks": [
        "backend_net",
        "frontend_net"
      ]
    },
    {
      "name": "web-server-1",
      "timestamp": "2025-11-23T01:48:15.967746",
      "status": "running",
      "healthy": true,
      "issues": [],
      "memory_usage_mb": 3.33,
      "memory_limit_mb": 8576.91,
      "memory_percent": 0.04,
      "cpu_percent": 0.0,
      "networks": [
        "backend_net",
        "frontend_net"
      ]
    }
  ],
  "summary": {
    "healthy": 6,
    "unhealthy": 1,
    "stopped": 0
  }
}