{
  "timestamp": "2025-11-23T00:07:25.090081",
  "total_containers": 28,
  "checked_containers": [
    {
      "name": "client-pc-3",
      "timestamp": "2025-11-23T00:07:25.117042",
      "status": "running",
      "healthy": false,
      "issues": [
        "Required tools not installed"
      ],
      "memory_usage_mb": 0.4,
      "memory_limit_mb": 8576.91,
      "memory_percent": 0.0,
      "cpu_percent": 0.0,
      "networks": [
        "client_net",
        "frontend_net"
      ]
    },
    {
      "name": "client-pc-2",
      "timestamp": "2025-11-23T00:07:27.141045",
      "status": "running",
      "healthy": true,
      "issues": [],
      "memory_usage_mb": 311.99,
      "memory_limit_mb": 8576.91,
      "memory_percent": 3.64,
      "cpu_percent": 0.76,
      "networks": [
        "client_net",
        "frontend_net"
      ]
    },
    {
      "name": "client-pc-1",
      "timestamp": "2025-11-23T00:07:29.047373",
      "status": "running",
      "healthy": true,
      "issues": [],
      "memory_usage_mb": 88.58,
      "memory_limit_mb": 8576.91,
      "memory_percent": 1.03,
      "cpu_percent": 0.41,
      "networks": [
        "client_net",
        "frontend_net"
      ]
    },
    {
      "name": "email-server-1",
      "timestamp": "2025-11-23T00:07:31.343557",
      "healthy": false,
      "issues": [
        "Health check error: 'usage'"
      ]
    },
    {
      "name": "db-server-1",
      "timestamp": "2025-11-23T00:07:31.672144",
      "status": "running",
      "healthy": false,
      "issues": [
        "MySQL ping failed"
      ],
      "memory_usage_mb": 33.66,
      "memory_limit_mb": 8576.91,
      "memory_percent": 0.39,
      "cpu_percent": 0.01,
      "networks": [
        "backend_net"
      ]
    },
    {
      "name": "web-server-2",
      "timestamp": "2025-11-23T00:07:33.695918",
      "status": "running",
      "healthy": true,
      "issues": [],
      "memory_usage_mb": 3.3,
      "memory_limit_mb": 8576.91,
      "memory_percent": 0.04,
      "cpu_percent": 0.0,
      "networks": [
        "backend_net",
        "frontend_net"
      ]
    },
    {
      "name": "web-server-1",
      "timestamp": "2025-11-23T00:07:35.606506",
      "status": "running",
      "healthy": true,
      "issues": [],
      "memory_usage_mb": 3.29,
      "memory_limit_mb": 8576.91,
      "memory_percent": 0.04,
      "cpu_percent": 0.0,
      "networks": [
        "backend_net",
        "frontend_net"
      ]
    }
  ],
  "summary": {
    "healthy": 4,
    "unhealthy": 2,
    "stopped": 1
  }
}