{
  "timestamp": "2025-11-23T00:57:35.516193",
  "total_containers": 28,
  "checked_containers": [
    {
      "name": "client-pc-3",
      "timestamp": "2025-11-23T00:57:35.518458",
      "status": "running",
      "healthy": true,
      "issues": [],
      "memory_usage_mb": 240.43,
      "memory_limit_mb": 8576.91,
      "memory_percent": 2.8,
      "cpu_percent": 0.74,
      "networks": [
        "client_net",
        "frontend_net"
      ]
    },
    {
      "name": "client-pc-2",
      "timestamp": "2025-11-23T00:57:36.861664",
      "status": "running",
      "healthy": true,
      "issues": [],
      "memory_usage_mb": 234.95,
      "memory_limit_mb": 8576.91,
      "memory_percent": 2.74,
      "cpu_percent": 0.63,
      "networks": [
        "client_net",
        "frontend_net"
      ]
    },
    {
      "name": "client-pc-1",
      "timestamp": "2025-11-23T00:57:38.991874",
      "status": "running",
      "healthy": true,
      "issues": [],
      "memory_usage_mb": 80.76,
      "memory_limit_mb": 8576.91,
      "memory_percent": 0.94,
      "cpu_percent": 0.33,
      "networks": [
        "client_net",
        "frontend_net"
      ]
    },
    {
      "name": "email-server-1",
      "timestamp": "2025-11-23T00:57:40.930953",
      "status": "running",
      "healthy": false,
      "issues": [
        "SMTP port check failed"
      ],
      "memory_usage_mb": 1.48,
      "memory_limit_mb": 8576.91,
      "memory_percent": 0.02,
      "cpu_percent": 0.01,
      "networks": [
        "backend_net",
        "frontend_net"
      ]
    },
    {
      "name": "db-server-1",
      "timestamp": "2025-11-23T00:57:42.945577",
      "status": "running",
      "healthy": true,
      "issues": [],
      "memory_usage_mb": 471.25,
      "memory_limit_mb": 8576.91,
      "memory_percent": 5.49,
      "cpu_percent": 0.38,
      "networks": [
        "backend_net"
      ]
    },
    {
      "name": "web-server-2",
      "timestamp": "2025-11-23T00:57:45.020459",
      "status": "running",
      "healthy": true,
      "issues": [],
      "memory_usage_mb": 50.83,
      "memory_limit_mb": 8576.91,
      "memory_percent": 0.59,
      "cpu_percent": 0.09,
      "networks": [
        "backend_net",
        "frontend_net"
      ]
    },
    {
      "name": "web-server-1",
      "timestamp": "2025-11-23T00:57:47.101773",
      "status": "running",
      "healthy": true,
      "issues": [],
      "memory_usage_mb": 50.71,
      "memory_limit_mb": 8576.91,
      "memory_percent": 0.59,
      "cpu_percent": 0.09,
      "networks": [
        "backend_net",
        "frontend_net"
      ]
    }
  ],
  "summary": {
    "healthy": 6,
    "unhealthy": 1,
    "stopped": 0
  }
}