{
  "timestamp": "2025-11-23T01:44:24.382108",
  "total_containers": 28,
  "checked_containers": [
    {
      "name": "client-pc-3",
      "timestamp": "2025-11-23T01:44:24.385685",
      "status": "running",
      "healthy": false,
      "issues": [
        "Required tools not installed"
      ],
      "memory_usage_mb": 94.31,
      "memory_limit_mb": 8576.91,
      "memory_percent": 1.1,
      "cpu_percent": 0.06,
      "networks": [
        "client_net",
        "frontend_net"
      ]
    },
    {
      "name": "client-pc-2",
      "timestamp": "2025-11-23T01:44:26.338303",
      "status": "running",
      "healthy": false,
      "issues": [
        "Required tools not installed"
      ],
      "memory_usage_mb": 0.41,
      "memory_limit_mb": 8576.91,
      "memory_percent": 0.0,
      "cpu_percent": 0.0,
      "networks": [
        "client_net",
        "frontend_net"
      ]
    },
    {
      "name": "client-pc-1",
      "timestamp": "2025-11-23T01:44:28.224946",
      "status": "running",
      "healthy": false,
      "issues": [
        "Required tools not installed"
      ],
      "memory_usage_mb": 0.4,
      "memory_limit_mb": 8576.91,
      "memory_percent": 0.0,
      "cpu_percent": 0.0,
      "networks": [
        "client_net",
        "frontend_net"
      ]
    },
    {
      "name": "email-server-1",
      "timestamp": "2025-11-23T01:44:30.399271",
      "status": "running",
      "healthy": true,
      "issues": [],
      "memory_usage_mb": 1.35,
      "memory_limit_mb": 8576.91,
      "memory_percent": 0.02,
      "cpu_percent": 0.0,
      "networks": [
        "backend_net",
        "frontend_net"
      ]
    },
    {
      "name": "db-server-1",
      "timestamp": "2025-11-23T01:44:32.212480",
      "status": "running",
      "healthy": true,
      "issues": [],
      "memory_usage_mb": 458.89,
      "memory_limit_mb": 8576.91,
      "memory_percent": 5.35,
      "cpu_percent": 0.17,
      "networks": [
        "backend_net"
      ]
    },
    {
      "name": "web-server-2",
      "timestamp": "2025-11-23T01:44:34.358127",
      "status": "running",
      "healthy": true,
      "issues": [],
      "memory_usage_mb": 3.31,
      "memory_limit_mb": 8576.91,
      "memory_percent": 0.04,
      "cpu_percent": 0.0,
      "networks": [
        "backend_net",
        "frontend_net"
      ]
    },
    {
      "name": "web-server-1",
      "timestamp": "2025-11-23T01:44:36.405943",
      "status": "running",
      "healthy": true,
      "issues": [],
      "memory_usage_mb": 3.33,
      "memory_limit_mb": 8576.91,
      "memory_percent": 0.04,
      "cpu_percent": 0.0,
      "networks": [
        "backend_net",
        "frontend_net"
      ]
    }
  ],
  "summary": {
    "healthy": 4,
    "unhealthy": 3,
    "stopped": 0
  }
}