{
  "timestamp": "2025-11-23T00:45:13.706570",
  "total_containers": 27,
  "checked_containers": [
    {
      "name": "client-pc-2",
      "timestamp": "2025-11-23T00:45:13.777016",
      "healthy": false,
      "issues": [
        "Health check error: 'usage'"
      ]
    },
    {
      "name": "client-pc-1",
      "timestamp": "2025-11-23T00:45:13.796192",
      "healthy": false,
      "issues": [
        "Health check error: 'usage'"
      ]
    },
    {
      "name": "email-server-1",
      "timestamp": "2025-11-23T00:45:13.828778",
      "healthy": false,
      "issues": [
        "Health check error: 'usage'"
      ]
    },
    {
      "name": "db-server-1",
      "timestamp": "2025-11-23T00:45:13.890891",
      "healthy": false,
      "issues": [
        "Health check error: 'usage'"
      ]
    },
    {
      "name": "web-server-2",
      "timestamp": "2025-11-23T00:45:13.987776",
      "healthy": false,
      "issues": [
        "Health check error: 'usage'"
      ]
    },
    {
      "name": "web-server-1",
      "timestamp": "2025-11-23T00:45:14.029794",
      "healthy": false,
      "issues": [
        "Health check error: 'usage'"
      ]
    }
  ],
  "summary": {
    "healthy": 0,
    "unhealthy": 0,
    "stopped": 6
  }
}