{
  "timestamp": "2025-11-23T00:54:18.877529",
  "total_containers": 28,
  "checked_containers": [
    {
      "name": "client-pc-3",
      "timestamp": "2025-11-23T00:54:18.919098",
      "status": "running",
      "healthy": true,
      "issues": [],
      "memory_usage_mb": 213.97,
      "memory_limit_mb": 8576.91,
      "memory_percent": 2.49,
      "cpu_percent": 0.71,
      "networks": [
        "client_net",
        "frontend_net"
      ]
    },
    {
      "name": "client-pc-2",
      "timestamp": "2025-11-23T00:54:20.470113",
      "status": "running",
      "healthy": true,
      "issues": [],
      "memory_usage_mb": 387.3,
      "memory_limit_mb": 8576.91,
      "memory_percent": 4.52,
      "cpu_percent": 0.57,
      "networks": [
        "client_net",
        "frontend_net"
      ]
    },
    {
      "name": "client-pc-1",
      "timestamp": "2025-11-23T00:54:22.573603",
      "status": "running",
      "healthy": false,
      "issues": [
        "Required tools not installed"
      ],
      "memory_usage_mb": 98.1,
      "memory_limit_mb": 8576.91,
      "memory_percent": 1.14,
      "cpu_percent": 0.14,
      "networks": [
        "client_net",
        "frontend_net"
      ]
    },
    {
      "name": "email-server-1",
      "timestamp": "2025-11-23T00:54:24.881922",
      "status": "running",
      "healthy": false,
      "issues": [
        "SMTP port check failed"
      ],
      "memory_usage_mb": 1.39,
      "memory_limit_mb": 8576.91,
      "memory_percent": 0.02,
      "cpu_percent": 0.01,
      "networks": [
        "backend_net",
        "frontend_net"
      ]
    },
    {
      "name": "db-server-1",
      "timestamp": "2025-11-23T00:54:26.961628",
      "status": "running",
      "healthy": true,
      "issues": [],
      "memory_usage_mb": 459.07,
      "memory_limit_mb": 8576.91,
      "memory_percent": 5.35,
      "cpu_percent": 0.37,
      "networks": [
        "backend_net"
      ]
    },
    {
      "name": "web-server-2",
      "timestamp": "2025-11-23T00:54:28.637413",
      "status": "running",
      "healthy": true,
      "issues": [],
      "memory_usage_mb": 10.44,
      "memory_limit_mb": 8576.91,
      "memory_percent": 0.12,
      "cpu_percent": 0.07,
      "networks": [
        "backend_net",
        "frontend_net"
      ]
    },
    {
      "name": "web-server-1",
      "timestamp": "2025-11-23T00:54:30.880490",
      "status": "running",
      "healthy": true,
      "issues": [],
      "memory_usage_mb": 44.65,
      "memory_limit_mb": 8576.91,
      "memory_percent": 0.52,
      "cpu_percent": 0.05,
      "networks": [
        "backend_net",
        "frontend_net"
      ]
    }
  ],
  "summary": {
    "healthy": 5,
    "unhealthy": 2,
    "stopped": 0
  }
}