{
  "timestamp": "2025-11-23T00:17:18.295494",
  "total_containers": 24,
  "checked_containers": [
    {
      "name": "db-server-1",
      "timestamp": "2025-11-23T00:17:18.300357",
      "healthy": false,
      "issues": [
        "Health check error: 'usage'"
      ]
    },
    {
      "name": "client-pc-1",
      "timestamp": "2025-11-23T00:17:18.309171",
      "healthy": false,
      "issues": [
        "Health check error: 'usage'"
      ]
    },
    {
      "name": "client-pc-2",
      "timestamp": "2025-11-23T00:17:18.327213",
      "healthy": false,
      "issues": [
        "Health check error: 'usage'"
      ]
    }
  ],
  "summary": {
    "healthy": 0,
    "unhealthy": 0,
    "stopped": 3
  }
}