{
  "timestamp": "2025-11-23T00:16:24.936709",
  "total_containers": 27,
  "checked_containers": [
    {
      "name": "web-server-1",
      "timestamp": "2025-11-23T00:16:24.945480",
      "status": "running",
      "healthy": true,
      "issues": [],
      "memory_usage_mb": 10.35,
      "memory_limit_mb": 8576.91,
      "memory_percent": 0.12,
      "cpu_percent": 0.06,
      "networks": [
        "backend_net",
        "frontend_net"
      ]
    },
    {
      "name": "web-server-2",
      "timestamp": "2025-11-23T00:16:26.587334",
      "status": "running",
      "healthy": true,
      "issues": [],
      "memory_usage_mb": 10.3,
      "memory_limit_mb": 8576.91,
      "memory_percent": 0.12,
      "cpu_percent": 0.07,
      "networks": [
        "backend_net",
        "frontend_net"
      ]
    },
    {
      "name": "db-server-1",
      "timestamp": "2025-11-23T00:16:28.234503",
      "healthy": false,
      "issues": [
        "Health check error: 'usage'"
      ]
    },
    {
      "name": "email-server-1",
      "timestamp": "2025-11-23T00:16:28.238959",
      "status": "running",
      "healthy": false,
      "issues": [
        "SMTP port check failed"
      ],
      "memory_usage_mb": 1.36,
      "memory_limit_mb": 8576.91,
      "memory_percent": 0.02,
      "cpu_percent": 0.01,
      "networks": [
        "backend_net",
        "frontend_net"
      ]
    },
    {
      "name": "client-pc-1",
      "timestamp": "2025-11-23T00:16:30.412032",
      "healthy": false,
      "issues": [
        "Health check error: 'usage'"
      ]
    },
    {
      "name": "client-pc-2",
      "timestamp": "2025-11-23T00:16:30.423050",
      "healthy": false,
      "issues": [
        "Health check error: 'usage'"
      ]
    }
  ],
  "summary": {
    "healthy": 2,
    "unhealthy": 1,
    "stopped": 3
  }
}