{
  "timestamp": "2025-11-23T01:47:22.188781",
  "total_containers": 28,
  "checked_containers": [
    {
      "name": "client-pc-3",
      "timestamp": "2025-11-23T01:47:22.200750",
      "status": "running",
      "healthy": true,
      "issues": [],
      "memory_usage_mb": 192.12,
      "memory_limit_mb": 8576.91,
      "memory_percent": 2.24,
      "cpu_percent": 0.32,
      "networks": [
        "client_net",
        "frontend_net"
      ]
    },
    {
      "name": "client-pc-2",
      "timestamp": "2025-11-23T01:47:23.590628",
      "status": "running",
      "healthy": true,
      "issues": [],
      "memory_usage_mb": 88.64,
      "memory_limit_mb": 8576.91,
      "memory_percent": 1.03,
      "cpu_percent": 0.21,
      "networks": [
        "client_net",
        "frontend_net"
      ]
    },
    {
      "name": "client-pc-1",
      "timestamp": "2025-11-23T01:47:25.542503",
      "status": "running",
      "healthy": false,
      "issues": [
        "Required tools not installed"
      ],
      "memory_usage_mb": 0.4,
      "memory_limit_mb": 8576.91,
      "memory_percent": 0.0,
      "cpu_percent": 0.0,
      "networks": [
        "client_net",
        "frontend_net"
      ]
    },
    {
      "name": "email-server-1",
      "timestamp": "2025-11-23T01:47:27.467504",
      "status": "running",
      "healthy": true,
      "issues": [],
      "memory_usage_mb": 1.35,
      "memory_limit_mb": 8576.91,
      "memory_percent": 0.02,
      "cpu_percent": 0.0,
      "networks": [
        "backend_net",
        "frontend_net"
      ]
    },
    {
      "name": "db-server-1",
      "timestamp": "2025-11-23T01:47:29.984158",
      "status": "running",
      "healthy": true,
      "issues": [],
      "memory_usage_mb": 458.98,
      "memory_limit_mb": 8576.91,
      "memory_percent": 5.35,
      "cpu_percent": 0.18,
      "networks": [
        "backend_net"
      ]
    },
    {
      "name": "web-server-2",
      "timestamp": "2025-11-23T01:47:32.691351",
      "status": "running",
      "healthy": true,
      "issues": [],
      "memory_usage_mb": 3.31,
      "memory_limit_mb": 8576.91,
      "memory_percent": 0.04,
      "cpu_percent": 0.0,
      "networks": [
        "backend_net",
        "frontend_net"
      ]
    },
    {
      "name": "web-server-1",
      "timestamp": "2025-11-23T01:47:34.830509",
      "status": "running",
      "healthy": true,
      "issues": [],
      "memory_usage_mb": 3.33,
      "memory_limit_mb": 8576.91,
      "memory_percent": 0.04,
      "cpu_percent": 0.0,
      "networks": [
        "backend_net",
        "frontend_net"
      ]
    }
  ],
  "summary": {
    "healthy": 6,
    "unhealthy": 1,
    "stopped": 0
  }
}