{
  "timestamp": "2025-11-23T02:48:20.268257",
  "total_containers": 28,
  "checked_containers": [
    {
      "name": "client-pc-1",
      "timestamp": "2025-11-23T02:48:20.272723",
      "status": "running",
      "healthy": false,
      "issues": [
        "SSH daemon not running"
      ],
      "memory_usage_mb": 215.61,
      "memory_limit_mb": 8576.91,
      "memory_percent": 2.51,
      "cpu_percent": 0.19,
      "networks": [
        "help_frontend_net"
      ]
    },
    {
      "name": "web-server-1",
      "timestamp": "2025-11-23T02:48:21.690576",
      "status": "running",
      "healthy": false,
      "issues": [
        "SSH daemon not running",
        "Nginx HTTP check failed"
      ],
      "memory_usage_mb": 7.57,
      "memory_limit_mb": 8576.91,
      "memory_percent": 0.09,
      "cpu_percent": 0.01,
      "networks": [
        "help_backend_net",
        "help_frontend_net"
      ]
    },
    {
      "name": "db-server-1",
      "timestamp": "2025-11-23T02:48:23.604027",
      "healthy": false,
      "issues": [
        "Health check error: 'usage'"
      ]
    },
    {
      "name": "email-server-1",
      "timestamp": "2025-11-23T02:48:23.611129",
      "healthy": false,
      "issues": [
        "Health check error: 'usage'"
      ]
    },
    {
      "name": "web-server-2",
      "timestamp": "2025-11-23T02:48:23.615993",
      "status": "running",
      "healthy": false,
      "issues": [
        "SSH daemon not running",
        "Nginx HTTP check failed"
      ],
      "memory_usage_mb": 7.57,
      "memory_limit_mb": 8576.91,
      "memory_percent": 0.09,
      "cpu_percent": 0.01,
      "networks": [
        "help_backend_net",
        "help_frontend_net"
      ]
    },
    {
      "name": "client-pc-2",
      "timestamp": "2025-11-23T02:48:25.647944",
      "status": "running",
      "healthy": false,
      "issues": [
        "SSH daemon not running"
      ],
      "memory_usage_mb": 215.94,
      "memory_limit_mb": 8576.91,
      "memory_percent": 2.52,
      "cpu_percent": 0.19,
      "networks": [
        "help_frontend_net"
      ]
    },
    {
      "name": "client-pc-3",
      "timestamp": "2025-11-23T02:48:27.625889",
      "status": "running",
      "healthy": false,
      "issues": [
        "SSH daemon not running"
      ],
      "memory_usage_mb": 215.61,
      "memory_limit_mb": 8576.91,
      "memory_percent": 2.51,
      "cpu_percent": 0.21,
      "networks": [
        "help_frontend_net"
      ]
    }
  ],
  "summary": {
    "healthy": 0,
    "unhealthy": 5,
    "stopped": 2
  }
}