{
  "timestamp": "2025-11-22T23:41:33.883838",
  "total_containers": 26,
  "checked_containers": [
    {
      "name": "client-pc-2",
      "timestamp": "2025-11-22T23:41:33.887450",
      "status": "running",
      "healthy": false,
      "issues": [
        "Required tools not installed"
      ],
      "memory_usage_mb": 157.0,
      "memory_limit_mb": 8576.91,
      "memory_percent": 1.83,
      "cpu_percent": 0.22,
      "networks": [
        "client_net",
        "frontend_net"
      ]
    },
    {
      "name": "client-pc-1",
      "timestamp": "2025-11-22T23:41:35.144646",
      "status": "running",
      "healthy": false,
      "issues": [
        "Required tools not installed"
      ],
      "memory_usage_mb": 0.41,
      "memory_limit_mb": 8576.91,
      "memory_percent": 0.0,
      "cpu_percent": 0.0,
      "networks": [
        "client_net",
        "frontend_net"
      ]
    },
    {
      "name": "email-server-1",
      "timestamp": "2025-11-22T23:41:37.125858",
      "status": "running",
      "healthy": false,
      "issues": [
        "SMTP port check failed"
      ],
      "memory_usage_mb": 16.02,
      "memory_limit_mb": 8576.91,
      "memory_percent": 0.19,
      "cpu_percent": 0.01,
      "networks": [
        "backend_net",
        "frontend_net"
      ]
    },
    {
      "name": "db-server-1",
      "timestamp": "2025-11-22T23:41:39.113166",
      "status": "running",
      "healthy": false,
      "issues": [
        "MySQL ping failed"
      ],
      "memory_usage_mb": 420.78,
      "memory_limit_mb": 8576.91,
      "memory_percent": 4.91,
      "cpu_percent": 0.35,
      "networks": [
        "backend_net"
      ]
    },
    {
      "name": "web-server-2",
      "timestamp": "2025-11-22T23:41:41.208248",
      "status": "running",
      "healthy": true,
      "issues": [],
      "memory_usage_mb": 3.32,
      "memory_limit_mb": 8576.91,
      "memory_percent": 0.04,
      "cpu_percent": 0.0,
      "networks": [
        "backend_net",
        "frontend_net"
      ]
    }
  ],
  "summary": {
    "healthy": 1,
    "unhealthy": 4,
    "stopped": 0
  }
}