{
  "timestamp": "2025-11-23T01:38:46.166319",
  "total_containers": 28,
  "checked_containers": [
    {
      "name": "client-pc-3",
      "timestamp": "2025-11-23T01:38:46.174659",
      "status": "running",
      "healthy": false,
      "issues": [
        "Required tools not installed"
      ],
      "memory_usage_mb": 11.71,
      "memory_limit_mb": 8576.91,
      "memory_percent": 0.14,
      "cpu_percent": 0.01,
      "networks": [
        "frontend_net"
      ]
    },
    {
      "name": "client-pc-1",
      "timestamp": "2025-11-23T01:38:47.683587",
      "healthy": false,
      "issues": [
        "Health check error: 'usage'"
      ]
    },
    {
      "name": "client-pc-2",
      "timestamp": "2025-11-23T01:38:47.700652",
      "healthy": false,
      "issues": [
        "Health check error: 'usage'"
      ]
    },
    {
      "name": "email-server-1",
      "timestamp": "2025-11-23T01:38:47.721026",
      "status": "running",
      "healthy": true,
      "issues": [],
      "memory_usage_mb": 1.48,
      "memory_limit_mb": 8576.91,
      "memory_percent": 0.02,
      "cpu_percent": 0.01,
      "networks": [
        "backend_net",
        "frontend_net"
      ]
    },
    {
      "name": "db-server-1",
      "timestamp": "2025-11-23T01:38:49.281737",
      "status": "running",
      "healthy": true,
      "issues": [],
      "memory_usage_mb": 474.34,
      "memory_limit_mb": 8576.91,
      "memory_percent": 5.53,
      "cpu_percent": 0.52,
      "networks": [
        "backend_net"
      ]
    },
    {
      "name": "web-server-2",
      "timestamp": "2025-11-23T01:38:51.499980",
      "status": "running",
      "healthy": true,
      "issues": [],
      "memory_usage_mb": 52.04,
      "memory_limit_mb": 8576.91,
      "memory_percent": 0.61,
      "cpu_percent": 0.17,
      "networks": [
        "backend_net",
        "frontend_net"
      ]
    },
    {
      "name": "web-server-1",
      "timestamp": "2025-11-23T01:38:53.573737",
      "status": "running",
      "healthy": true,
      "issues": [],
      "memory_usage_mb": 51.93,
      "memory_limit_mb": 8576.91,
      "memory_percent": 0.61,
      "cpu_percent": 0.17,
      "networks": [
        "backend_net",
        "frontend_net"
      ]
    }
  ],
  "summary": {
    "healthy": 4,
    "unhealthy": 1,
    "stopped": 2
  }
}