{
  "timestamp": "2025-11-23T01:05:18.423105",
  "total_containers": 28,
  "checked_containers": [
    {
      "name": "client-pc-3",
      "timestamp": "2025-11-23T01:05:18.434831",
      "status": "running",
      "healthy": true,
      "issues": [],
      "memory_usage_mb": 240.52,
      "memory_limit_mb": 8576.91,
      "memory_percent": 2.8,
      "cpu_percent": 0.71,
      "networks": [
        "client_net",
        "frontend_net"
      ]
    },
    {
      "name": "client-pc-2",
      "timestamp": "2025-11-23T01:05:20.586651",
      "status": "running",
      "healthy": true,
      "issues": [],
      "memory_usage_mb": 235.03,
      "memory_limit_mb": 8576.91,
      "memory_percent": 2.74,
      "cpu_percent": 0.6,
      "networks": [
        "client_net",
        "frontend_net"
      ]
    },
    {
      "name": "client-pc-1",
      "timestamp": "2025-11-23T01:05:22.953024",
      "status": "running",
      "healthy": true,
      "issues": [],
      "memory_usage_mb": 80.76,
      "memory_limit_mb": 8576.91,
      "memory_percent": 0.94,
      "cpu_percent": 0.31,
      "networks": [
        "client_net",
        "frontend_net"
      ]
    },
    {
      "name": "email-server-1",
      "timestamp": "2025-11-23T01:05:24.920348",
      "status": "running",
      "healthy": true,
      "issues": [],
      "memory_usage_mb": 1.48,
      "memory_limit_mb": 8576.91,
      "memory_percent": 0.02,
      "cpu_percent": 0.01,
      "networks": [
        "backend_net",
        "frontend_net"
      ]
    },
    {
      "name": "db-server-1",
      "timestamp": "2025-11-23T01:05:26.764475",
      "status": "running",
      "healthy": true,
      "issues": [],
      "memory_usage_mb": 474.34,
      "memory_limit_mb": 8576.91,
      "memory_percent": 5.53,
      "cpu_percent": 0.43,
      "networks": [
        "backend_net"
      ]
    },
    {
      "name": "web-server-2",
      "timestamp": "2025-11-23T01:05:29.027048",
      "status": "running",
      "healthy": true,
      "issues": [],
      "memory_usage_mb": 50.83,
      "memory_limit_mb": 8576.91,
      "memory_percent": 0.59,
      "cpu_percent": 0.09,
      "networks": [
        "backend_net",
        "frontend_net"
      ]
    },
    {
      "name": "web-server-1",
      "timestamp": "2025-11-23T01:05:31.113658",
      "status": "running",
      "healthy": true,
      "issues": [],
      "memory_usage_mb": 50.71,
      "memory_limit_mb": 8576.91,
      "memory_percent": 0.59,
      "cpu_percent": 0.09,
      "networks": [
        "backend_net",
        "frontend_net"
      ]
    }
  ],
  "summary": {
    "healthy": 7,
    "unhealthy": 0,
    "stopped": 0
  }
}