{
  "timestamp": "2025-11-22T23:41:34.692682",
  "total_containers": 26,
  "checked_containers": [
    {
      "name": "client-pc-2",
      "timestamp": "2025-11-22T23:41:34.694393",
      "status": "running",
      "healthy": false,
      "issues": [
        "Required tools not installed"
      ],
      "memory_usage_mb": 157.46,
      "memory_limit_mb": 8576.91,
      "memory_percent": 1.84,
      "cpu_percent": 0.22,
      "networks": [
        "client_net",
        "frontend_net"
      ]
    },
    {
      "name": "client-pc-1",
      "timestamp": "2025-11-22T23:41:36.157280",
      "status": "running",
      "healthy": false,
      "issues": [
        "Required tools not installed"
      ],
      "memory_usage_mb": 0.42,
      "memory_limit_mb": 8576.91,
      "memory_percent": 0.0,
      "cpu_percent": 0.0,
      "networks": [
        "client_net",
        "frontend_net"
      ]
    },
    {
      "name": "email-server-1",
      "timestamp": "2025-11-22T23:41:38.249640",
      "status": "running",
      "healthy": false,
      "issues": [
        "SMTP port check failed"
      ],
      "memory_usage_mb": 16.03,
      "memory_limit_mb": 8576.91,
      "memory_percent": 0.19,
      "cpu_percent": 0.01,
      "networks": [
        "backend_net",
        "frontend_net"
      ]
    },
    {
      "name": "db-server-1",
      "timestamp": "2025-11-22T23:41:40.212366",
      "status": "running",
      "healthy": false,
      "issues": [
        "MySQL ping failed"
      ],
      "memory_usage_mb": 354.19,
      "memory_limit_mb": 8576.91,
      "memory_percent": 4.13,
      "cpu_percent": 0.35,
      "networks": [
        "backend_net"
      ]
    },
    {
      "name": "web-server-2",
      "timestamp": "2025-11-22T23:41:42.174150",
      "status": "running",
      "healthy": true,
      "issues": [],
      "memory_usage_mb": 3.4,
      "memory_limit_mb": 8576.91,
      "memory_percent": 0.04,
      "cpu_percent": 0.0,
      "networks": [
        "backend_net",
        "frontend_net"
      ]
    }
  ],
  "summary": {
    "healthy": 1,
    "unhealthy": 4,
    "stopped": 0
  }
}