{
  "timestamp": "2025-11-23T01:43:14.910007",
  "total_containers": 28,
  "checked_containers": [
    {
      "name": "client-pc-3",
      "timestamp": "2025-11-23T01:43:16.707593",
      "status": "running",
      "healthy": false,
      "issues": [
        "Required tools not installed"
      ],
      "memory_usage_mb": 0.41,
      "memory_limit_mb": 8576.91,
      "memory_percent": 0.0,
      "cpu_percent": 0.0,
      "networks": [
        "client_net",
        "frontend_net"
      ]
    },
    {
      "name": "client-pc-2",
      "timestamp": "2025-11-23T01:43:18.455498",
      "status": "running",
      "healthy": false,
      "issues": [
        "Required tools not installed"
      ],
      "memory_usage_mb": 0.41,
      "memory_limit_mb": 8576.91,
      "memory_percent": 0.0,
      "cpu_percent": 0.0,
      "networks": [
        "client_net",
        "frontend_net"
      ]
    },
    {
      "name": "client-pc-1",
      "timestamp": "2025-11-23T01:43:21.472657",
      "status": "running",
      "healthy": false,
      "issues": [
        "Required tools not installed"
      ],
      "memory_usage_mb": 0.41,
      "memory_limit_mb": 8576.91,
      "memory_percent": 0.0,
      "cpu_percent": 0.0,
      "networks": [
        "client_net",
        "frontend_net"
      ]
    },
    {
      "name": "email-server-1",
      "timestamp": "2025-11-23T01:43:23.619300",
      "status": "running",
      "healthy": true,
      "issues": [],
      "memory_usage_mb": 1.35,
      "memory_limit_mb": 8576.91,
      "memory_percent": 0.02,
      "cpu_percent": 0.0,
      "networks": [
        "backend_net",
        "frontend_net"
      ]
    },
    {
      "name": "db-server-1",
      "timestamp": "2025-11-23T01:43:25.257589",
      "status": "running",
      "healthy": false,
      "issues": [
        "MySQL ping failed"
      ],
      "memory_usage_mb": 220.68,
      "memory_limit_mb": 8576.91,
      "memory_percent": 2.57,
      "cpu_percent": 0.04,
      "networks": [
        "backend_net"
      ]
    },
    {
      "name": "web-server-2",
      "timestamp": "2025-11-23T01:43:27.626994",
      "status": "running",
      "healthy": true,
      "issues": [],
      "memory_usage_mb": 3.27,
      "memory_limit_mb": 8576.91,
      "memory_percent": 0.04,
      "cpu_percent": 0.0,
      "networks": [
        "backend_net",
        "frontend_net"
      ]
    },
    {
      "name": "web-server-1",
      "timestamp": "2025-11-23T01:43:29.744052",
      "status": "running",
      "healthy": true,
      "issues": [],
      "memory_usage_mb": 3.29,
      "memory_limit_mb": 8576.91,
      "memory_percent": 0.04,
      "cpu_percent": 0.0,
      "networks": [
        "backend_net",
        "frontend_net"
      ]
    }
  ],
  "summary": {
    "healthy": 3,
    "unhealthy": 4,
    "stopped": 0
  }
}