{
  "timestamp": "2025-11-23T01:44:09.753884",
  "total_containers": 28,
  "checked_containers": [
    {
      "name": "client-pc-3",
      "timestamp": "2025-11-23T01:44:09.767435",
      "status": "running",
      "healthy": false,
      "issues": [
        "Required tools not installed"
      ],
      "memory_usage_mb": 71.1,
      "memory_limit_mb": 8576.91,
      "memory_percent": 0.83,
      "cpu_percent": 0.05,
      "networks": [
        "client_net",
        "frontend_net"
      ]
    },
    {
      "name": "client-pc-2",
      "timestamp": "2025-11-23T01:44:12.392360",
      "status": "running",
      "healthy": false,
      "issues": [
        "Required tools not installed"
      ],
      "memory_usage_mb": 0.41,
      "memory_limit_mb": 8576.91,
      "memory_percent": 0.0,
      "cpu_percent": 0.0,
      "networks": [
        "client_net",
        "frontend_net"
      ]
    },
    {
      "name": "client-pc-1",
      "timestamp": "2025-11-23T01:44:14.047606",
      "status": "running",
      "healthy": false,
      "issues": [
        "Required tools not installed"
      ],
      "memory_usage_mb": 0.4,
      "memory_limit_mb": 8576.91,
      "memory_percent": 0.0,
      "cpu_percent": 0.0,
      "networks": [
        "client_net",
        "frontend_net"
      ]
    },
    {
      "name": "email-server-1",
      "timestamp": "2025-11-23T01:44:16.139995",
      "status": "running",
      "healthy": true,
      "issues": [],
      "memory_usage_mb": 1.35,
      "memory_limit_mb": 8576.91,
      "memory_percent": 0.02,
      "cpu_percent": 0.0,
      "networks": [
        "backend_net",
        "frontend_net"
      ]
    },
    {
      "name": "db-server-1",
      "timestamp": "2025-11-23T01:44:17.964895",
      "status": "running",
      "healthy": false,
      "issues": [
        "MySQL ping failed"
      ],
      "memory_usage_mb": 374.07,
      "memory_limit_mb": 8576.91,
      "memory_percent": 4.36,
      "cpu_percent": 0.16,
      "networks": [
        "backend_net"
      ]
    },
    {
      "name": "web-server-2",
      "timestamp": "2025-11-23T01:44:20.208766",
      "status": "running",
      "healthy": true,
      "issues": [],
      "memory_usage_mb": 3.31,
      "memory_limit_mb": 8576.91,
      "memory_percent": 0.04,
      "cpu_percent": 0.0,
      "networks": [
        "backend_net",
        "frontend_net"
      ]
    },
    {
      "name": "web-server-1",
      "timestamp": "2025-11-23T01:44:22.197177",
      "status": "running",
      "healthy": true,
      "issues": [],
      "memory_usage_mb": 3.33,
      "memory_limit_mb": 8576.91,
      "memory_percent": 0.04,
      "cpu_percent": 0.0,
      "networks": [
        "backend_net",
        "frontend_net"
      ]
    }
  ],
  "summary": {
    "healthy": 3,
    "unhealthy": 4,
    "stopped": 0
  }
}