{
  "timestamp": "2025-11-23T01:47:34.434828",
  "total_containers": 28,
  "checked_containers": [
    {
      "name": "client-pc-3",
      "timestamp": "2025-11-23T01:47:34.512621",
      "status": "running",
      "healthy": true,
      "issues": [],
      "memory_usage_mb": 201.41,
      "memory_limit_mb": 8576.91,
      "memory_percent": 2.35,
      "cpu_percent": 0.32,
      "networks": [
        "client_net",
        "frontend_net"
      ]
    },
    {
      "name": "client-pc-2",
      "timestamp": "2025-11-23T01:47:37.159700",
      "status": "running",
      "healthy": true,
      "issues": [],
      "memory_usage_mb": 166.9,
      "memory_limit_mb": 8576.91,
      "memory_percent": 1.95,
      "cpu_percent": 0.26,
      "networks": [
        "client_net",
        "frontend_net"
      ]
    },
    {
      "name": "client-pc-1",
      "timestamp": "2025-11-23T01:47:38.876269",
      "status": "running",
      "healthy": false,
      "issues": [
        "Required tools not installed"
      ],
      "memory_usage_mb": 10.86,
      "memory_limit_mb": 8576.91,
      "memory_percent": 0.13,
      "cpu_percent": 0.01,
      "networks": [
        "client_net",
        "frontend_net"
      ]
    },
    {
      "name": "email-server-1",
      "timestamp": "2025-11-23T01:47:41.556735",
      "status": "running",
      "healthy": true,
      "issues": [],
      "memory_usage_mb": 1.35,
      "memory_limit_mb": 8576.91,
      "memory_percent": 0.02,
      "cpu_percent": 0.0,
      "networks": [
        "backend_net",
        "frontend_net"
      ]
    },
    {
      "name": "db-server-1",
      "timestamp": "2025-11-23T01:47:42.662427",
      "status": "running",
      "healthy": true,
      "issues": [],
      "memory_usage_mb": 458.98,
      "memory_limit_mb": 8576.91,
      "memory_percent": 5.35,
      "cpu_percent": 0.18,
      "networks": [
        "backend_net"
      ]
    },
    {
      "name": "web-server-2",
      "timestamp": "2025-11-23T01:47:44.935434",
      "status": "running",
      "healthy": true,
      "issues": [],
      "memory_usage_mb": 3.31,
      "memory_limit_mb": 8576.91,
      "memory_percent": 0.04,
      "cpu_percent": 0.0,
      "networks": [
        "backend_net",
        "frontend_net"
      ]
    },
    {
      "name": "web-server-1",
      "timestamp": "2025-11-23T01:47:46.892913",
      "status": "running",
      "healthy": true,
      "issues": [],
      "memory_usage_mb": 3.33,
      "memory_limit_mb": 8576.91,
      "memory_percent": 0.04,
      "cpu_percent": 0.0,
      "networks": [
        "backend_net",
        "frontend_net"
      ]
    }
  ],
  "summary": {
    "healthy": 6,
    "unhealthy": 1,
    "stopped": 0
  }
}