{
  "timestamp": "2025-11-23T01:07:52.907978",
  "total_containers": 28,
  "checked_containers": [
    {
      "name": "client-pc-3",
      "timestamp": "2025-11-23T01:07:52.910885",
      "status": "running",
      "healthy": true,
      "issues": [],
      "memory_usage_mb": 242.32,
      "memory_limit_mb": 8576.91,
      "memory_percent": 2.83,
      "cpu_percent": 0.98,
      "networks": [
        "client_net",
        "frontend_net"
      ]
    },
    {
      "name": "client-pc-2",
      "timestamp": "2025-11-23T01:07:54.179510",
      "status": "running",
      "healthy": true,
      "issues": [],
      "memory_usage_mb": 236.93,
      "memory_limit_mb": 8576.91,
      "memory_percent": 2.76,
      "cpu_percent": 0.85,
      "networks": [
        "client_net",
        "frontend_net"
      ]
    },
    {
      "name": "client-pc-1",
      "timestamp": "2025-11-23T01:07:56.214654",
      "status": "running",
      "healthy": true,
      "issues": [],
      "memory_usage_mb": 167.83,
      "memory_limit_mb": 8576.91,
      "memory_percent": 1.96,
      "cpu_percent": 0.47,
      "networks": [
        "client_net",
        "frontend_net"
      ]
    },
    {
      "name": "email-server-1",
      "timestamp": "2025-11-23T01:07:58.346727",
      "status": "running",
      "healthy": true,
      "issues": [],
      "memory_usage_mb": 1.48,
      "memory_limit_mb": 8576.91,
      "memory_percent": 0.02,
      "cpu_percent": 0.01,
      "networks": [
        "backend_net",
        "frontend_net"
      ]
    },
    {
      "name": "db-server-1",
      "timestamp": "2025-11-23T01:08:00.160284",
      "status": "running",
      "healthy": true,
      "issues": [],
      "memory_usage_mb": 474.34,
      "memory_limit_mb": 8576.91,
      "memory_percent": 5.53,
      "cpu_percent": 0.44,
      "networks": [
        "backend_net"
      ]
    },
    {
      "name": "web-server-2",
      "timestamp": "2025-11-23T01:08:02.496495",
      "status": "running",
      "healthy": true,
      "issues": [],
      "memory_usage_mb": 50.83,
      "memory_limit_mb": 8576.91,
      "memory_percent": 0.59,
      "cpu_percent": 0.09,
      "networks": [
        "backend_net",
        "frontend_net"
      ]
    },
    {
      "name": "web-server-1",
      "timestamp": "2025-11-23T01:09:10.459609",
      "healthy": false,
      "issues": [
        "Health check error: UnixHTTPConnectionPool(host='localhost', port=None): Read timed out. (read timeout=60)"
      ]
    }
  ],
  "summary": {
    "healthy": 6,
    "unhealthy": 0,
    "stopped": 1
  }
}