{
  "timestamp": "2025-11-23T02:48:20.951092",
  "total_containers": 28,
  "checked_containers": [
    {
      "name": "client-pc-1",
      "timestamp": "2025-11-23T02:48:20.954199",
      "status": "running",
      "healthy": false,
      "issues": [
        "SSH daemon not running"
      ],
      "memory_usage_mb": 215.76,
      "memory_limit_mb": 8576.91,
      "memory_percent": 2.52,
      "cpu_percent": 0.19,
      "networks": [
        "help_frontend_net"
      ]
    },
    {
      "name": "web-server-1",
      "timestamp": "2025-11-23T02:48:22.787743",
      "status": "running",
      "healthy": false,
      "issues": [
        "SSH daemon not running",
        "Nginx HTTP check failed"
      ],
      "memory_usage_mb": 7.64,
      "memory_limit_mb": 8576.91,
      "memory_percent": 0.09,
      "cpu_percent": 0.01,
      "networks": [
        "help_backend_net",
        "help_frontend_net"
      ]
    },
    {
      "name": "db-server-1",
      "timestamp": "2025-11-23T02:48:24.884777",
      "healthy": false,
      "issues": [
        "Health check error: 'usage'"
      ]
    },
    {
      "name": "email-server-1",
      "timestamp": "2025-11-23T02:48:24.910413",
      "healthy": false,
      "issues": [
        "Health check error: 'usage'"
      ]
    },
    {
      "name": "web-server-2",
      "timestamp": "2025-11-23T02:48:24.918297",
      "status": "running",
      "healthy": false,
      "issues": [
        "SSH daemon not running",
        "Nginx HTTP check failed"
      ],
      "memory_usage_mb": 7.57,
      "memory_limit_mb": 8576.91,
      "memory_percent": 0.09,
      "cpu_percent": 0.01,
      "networks": [
        "help_backend_net",
        "help_frontend_net"
      ]
    },
    {
      "name": "client-pc-2",
      "timestamp": "2025-11-23T02:48:26.712746",
      "status": "running",
      "healthy": false,
      "issues": [
        "SSH daemon not running"
      ],
      "memory_usage_mb": 215.94,
      "memory_limit_mb": 8576.91,
      "memory_percent": 2.52,
      "cpu_percent": 0.19,
      "networks": [
        "help_frontend_net"
      ]
    },
    {
      "name": "client-pc-3",
      "timestamp": "2025-11-23T02:48:28.761581",
      "status": "running",
      "healthy": false,
      "issues": [
        "SSH daemon not running"
      ],
      "memory_usage_mb": 215.62,
      "memory_limit_mb": 8576.91,
      "memory_percent": 2.51,
      "cpu_percent": 0.21,
      "networks": [
        "help_frontend_net"
      ]
    }
  ],
  "summary": {
    "healthy": 0,
    "unhealthy": 5,
    "stopped": 2
  }
}