{
  "timestamp": "2025-11-23T01:41:38.403655",
  "total_containers": 28,
  "checked_containers": [
    {
      "name": "client-pc-3",
      "timestamp": "2025-11-23T01:41:38.422854",
      "status": "running",
      "healthy": true,
      "issues": [],
      "memory_usage_mb": 219.54,
      "memory_limit_mb": 8576.91,
      "memory_percent": 2.56,
      "cpu_percent": 0.33,
      "networks": [
        "frontend_net"
      ]
    },
    {
      "name": "client-pc-1",
      "timestamp": "2025-11-23T01:41:39.769383",
      "healthy": false,
      "issues": [
        "Health check error: 'usage'"
      ]
    },
    {
      "name": "client-pc-2",
      "timestamp": "2025-11-23T01:41:39.793610",
      "healthy": false,
      "issues": [
        "Health check error: 'usage'"
      ]
    },
    {
      "name": "email-server-1",
      "timestamp": "2025-11-23T01:41:39.800738",
      "status": "running",
      "healthy": true,
      "issues": [],
      "memory_usage_mb": 1.48,
      "memory_limit_mb": 8576.91,
      "memory_percent": 0.02,
      "cpu_percent": 0.01,
      "networks": [
        "backend_net",
        "frontend_net"
      ]
    },
    {
      "name": "db-server-1",
      "timestamp": "2025-11-23T01:41:41.591227",
      "status": "running",
      "healthy": true,
      "issues": [],
      "memory_usage_mb": 474.35,
      "memory_limit_mb": 8576.91,
      "memory_percent": 5.53,
      "cpu_percent": 0.53,
      "networks": [
        "backend_net"
      ]
    },
    {
      "name": "web-server-2",
      "timestamp": "2025-11-23T01:41:44.106163",
      "status": "running",
      "healthy": true,
      "issues": [],
      "memory_usage_mb": 52.04,
      "memory_limit_mb": 8576.91,
      "memory_percent": 0.61,
      "cpu_percent": 0.2,
      "networks": [
        "backend_net",
        "frontend_net"
      ]
    },
    {
      "name": "web-server-1",
      "timestamp": "2025-11-23T01:41:45.962330",
      "status": "running",
      "healthy": true,
      "issues": [],
      "memory_usage_mb": 64.64,
      "memory_limit_mb": 8576.91,
      "memory_percent": 0.75,
      "cpu_percent": 0.19,
      "networks": [
        "backend_net",
        "frontend_net"
      ]
    }
  ],
  "summary": {
    "healthy": 5,
    "unhealthy": 0,
    "stopped": 2
  }
}