{
  "timestamp": "2025-11-23T00:54:53.666978",
  "total_containers": 28,
  "checked_containers": [
    {
      "name": "client-pc-3",
      "timestamp": "2025-11-23T00:54:53.671737",
      "status": "running",
      "healthy": true,
      "issues": [],
      "memory_usage_mb": 213.97,
      "memory_limit_mb": 8576.91,
      "memory_percent": 2.49,
      "cpu_percent": 0.71,
      "networks": [
        "client_net",
        "frontend_net"
      ]
    },
    {
      "name": "client-pc-2",
      "timestamp": "2025-11-23T00:54:55.346659",
      "status": "running",
      "healthy": true,
      "issues": [],
      "memory_usage_mb": 217.68,
      "memory_limit_mb": 8576.91,
      "memory_percent": 2.54,
      "cpu_percent": 0.6,
      "networks": [
        "client_net",
        "frontend_net"
      ]
    },
    {
      "name": "client-pc-1",
      "timestamp": "2025-11-23T00:54:57.200630",
      "status": "running",
      "healthy": false,
      "issues": [
        "Required tools not installed"
      ],
      "memory_usage_mb": 159.65,
      "memory_limit_mb": 8576.91,
      "memory_percent": 1.86,
      "cpu_percent": 0.2,
      "networks": [
        "client_net",
        "frontend_net"
      ]
    },
    {
      "name": "email-server-1",
      "timestamp": "2025-11-23T00:54:59.018854",
      "status": "running",
      "healthy": false,
      "issues": [
        "SMTP port check failed"
      ],
      "memory_usage_mb": 1.39,
      "memory_limit_mb": 8576.91,
      "memory_percent": 0.02,
      "cpu_percent": 0.01,
      "networks": [
        "backend_net",
        "frontend_net"
      ]
    },
    {
      "name": "db-server-1",
      "timestamp": "2025-11-23T00:55:01.366716",
      "status": "running",
      "healthy": true,
      "issues": [],
      "memory_usage_mb": 459.07,
      "memory_limit_mb": 8576.91,
      "memory_percent": 5.35,
      "cpu_percent": 0.37,
      "networks": [
        "backend_net"
      ]
    },
    {
      "name": "web-server-2",
      "timestamp": "2025-11-23T00:55:03.086992",
      "status": "running",
      "healthy": true,
      "issues": [],
      "memory_usage_mb": 10.44,
      "memory_limit_mb": 8576.91,
      "memory_percent": 0.12,
      "cpu_percent": 0.07,
      "networks": [
        "backend_net",
        "frontend_net"
      ]
    },
    {
      "name": "web-server-1",
      "timestamp": "2025-11-23T00:55:05.494405",
      "status": "running",
      "healthy": true,
      "issues": [],
      "memory_usage_mb": 10.45,
      "memory_limit_mb": 8576.91,
      "memory_percent": 0.12,
      "cpu_percent": 0.07,
      "networks": [
        "backend_net",
        "frontend_net"
      ]
    }
  ],
  "summary": {
    "healthy": 5,
    "unhealthy": 2,
    "stopped": 0
  }
}