{
  "timestamp": "2025-11-23T00:44:59.264086",
  "total_containers": 27,
  "checked_containers": [
    {
      "name": "client-pc-2",
      "timestamp": "2025-11-23T00:44:59.292638",
      "healthy": false,
      "issues": [
        "Health check error: 'usage'"
      ]
    },
    {
      "name": "client-pc-1",
      "timestamp": "2025-11-23T00:44:59.324424",
      "healthy": false,
      "issues": [
        "Health check error: 'usage'"
      ]
    },
    {
      "name": "email-server-1",
      "timestamp": "2025-11-23T00:44:59.339833",
      "healthy": false,
      "issues": [
        "Health check error: 'usage'"
      ]
    },
    {
      "name": "db-server-1",
      "timestamp": "2025-11-23T00:44:59.360638",
      "healthy": false,
      "issues": [
        "Health check error: 'usage'"
      ]
    },
    {
      "name": "web-server-2",
      "timestamp": "2025-11-23T00:44:59.375219",
      "healthy": false,
      "issues": [
        "Health check error: 'usage'"
      ]
    },
    {
      "name": "web-server-1",
      "timestamp": "2025-11-23T00:44:59.401562",
      "healthy": false,
      "issues": [
        "Health check error: 'usage'"
      ]
    }
  ],
  "summary": {
    "healthy": 0,
    "unhealthy": 0,
    "stopped": 6
  }
}