{
  "timestamp": "2025-11-23T00:48:36.523168",
  "total_containers": 28,
  "checked_containers": [
    {
      "name": "client-pc-3",
      "timestamp": "2025-11-23T00:48:36.530528",
      "status": "running",
      "healthy": true,
      "issues": [],
      "memory_usage_mb": 160.54,
      "memory_limit_mb": 8576.91,
      "memory_percent": 1.87,
      "cpu_percent": 0.34,
      "networks": [
        "client_net",
        "frontend_net"
      ]
    },
    {
      "name": "client-pc-2",
      "timestamp": "2025-11-23T00:48:38.966714",
      "status": "running",
      "healthy": false,
      "issues": [
        "Required tools not installed"
      ],
      "memory_usage_mb": 0.4,
      "memory_limit_mb": 8576.91,
      "memory_percent": 0.0,
      "cpu_percent": 0.0,
      "networks": [
        "client_net",
        "frontend_net"
      ]
    },
    {
      "name": "client-pc-1",
      "timestamp": "2025-11-23T00:48:41.097038",
      "status": "running",
      "healthy": false,
      "issues": [
        "Required tools not installed"
      ],
      "memory_usage_mb": 0.4,
      "memory_limit_mb": 8576.91,
      "memory_percent": 0.0,
      "cpu_percent": 0.0,
      "networks": [
        "client_net",
        "frontend_net"
      ]
    },
    {
      "name": "email-server-1",
      "timestamp": "2025-11-23T00:48:43.307386",
      "status": "running",
      "healthy": false,
      "issues": [
        "SMTP port check failed"
      ],
      "memory_usage_mb": 1.36,
      "memory_limit_mb": 8576.91,
      "memory_percent": 0.02,
      "cpu_percent": 0.01,
      "networks": [
        "backend_net",
        "frontend_net"
      ]
    },
    {
      "name": "db-server-1",
      "timestamp": "2025-11-23T00:48:45.527121",
      "status": "running",
      "healthy": true,
      "issues": [],
      "memory_usage_mb": 459.05,
      "memory_limit_mb": 8576.91,
      "memory_percent": 5.35,
      "cpu_percent": 0.35,
      "networks": [
        "backend_net"
      ]
    },
    {
      "name": "web-server-2",
      "timestamp": "2025-11-23T00:48:47.389965",
      "status": "running",
      "healthy": true,
      "issues": [],
      "memory_usage_mb": 3.28,
      "memory_limit_mb": 8576.91,
      "memory_percent": 0.04,
      "cpu_percent": 0.0,
      "networks": [
        "backend_net",
        "frontend_net"
      ]
    },
    {
      "name": "web-server-1",
      "timestamp": "2025-11-23T00:48:49.595049",
      "status": "running",
      "healthy": true,
      "issues": [],
      "memory_usage_mb": 3.27,
      "memory_limit_mb": 8576.91,
      "memory_percent": 0.04,
      "cpu_percent": 0.0,
      "networks": [
        "backend_net",
        "frontend_net"
      ]
    }
  ],
  "summary": {
    "healthy": 4,
    "unhealthy": 3,
    "stopped": 0
  }
}