{
  "timestamp": "2025-11-23T00:07:23.625219",
  "total_containers": 28,
  "checked_containers": [
    {
      "name": "client-pc-3",
      "timestamp": "2025-11-23T00:07:23.628140",
      "status": "running",
      "healthy": false,
      "issues": [
        "Required tools not installed"
      ],
      "memory_usage_mb": 0.39,
      "memory_limit_mb": 8576.91,
      "memory_percent": 0.0,
      "cpu_percent": 0.0,
      "networks": [
        "client_net",
        "frontend_net"
      ]
    },
    {
      "name": "client-pc-2",
      "timestamp": "2025-11-23T00:07:25.222454",
      "status": "running",
      "healthy": true,
      "issues": [],
      "memory_usage_mb": 316.48,
      "memory_limit_mb": 8576.91,
      "memory_percent": 3.69,
      "cpu_percent": 0.75,
      "networks": [
        "client_net",
        "frontend_net"
      ]
    },
    {
      "name": "client-pc-1",
      "timestamp": "2025-11-23T00:07:27.224769",
      "status": "running",
      "healthy": true,
      "issues": [],
      "memory_usage_mb": 88.57,
      "memory_limit_mb": 8576.91,
      "memory_percent": 1.03,
      "cpu_percent": 0.41,
      "networks": [
        "client_net",
        "frontend_net"
      ]
    },
    {
      "name": "email-server-1",
      "timestamp": "2025-11-23T00:07:29.233803",
      "healthy": false,
      "issues": [
        "Health check error: 'usage'"
      ]
    },
    {
      "name": "db-server-1",
      "timestamp": "2025-11-23T00:07:29.246246",
      "healthy": false,
      "issues": [
        "Health check error: 'usage'"
      ]
    },
    {
      "name": "web-server-2",
      "timestamp": "2025-11-23T00:07:29.251685",
      "status": "running",
      "healthy": true,
      "issues": [],
      "memory_usage_mb": 3.25,
      "memory_limit_mb": 8576.91,
      "memory_percent": 0.04,
      "cpu_percent": 0.0,
      "networks": [
        "backend_net",
        "frontend_net"
      ]
    },
    {
      "name": "web-server-1",
      "timestamp": "2025-11-23T00:07:31.405019",
      "status": "running",
      "healthy": true,
      "issues": [],
      "memory_usage_mb": 3.25,
      "memory_limit_mb": 8576.91,
      "memory_percent": 0.04,
      "cpu_percent": 0.0,
      "networks": [
        "backend_net",
        "frontend_net"
      ]
    }
  ],
  "summary": {
    "healthy": 4,
    "unhealthy": 1,
    "stopped": 2
  }
}