{
  "timestamp": "2025-11-23T01:48:47.732271",
  "total_containers": 28,
  "checked_containers": [
    {
      "name": "client-pc-3",
      "timestamp": "2025-11-23T01:48:47.736495",
      "status": "running",
      "healthy": true,
      "issues": [],
      "memory_usage_mb": 381.13,
      "memory_limit_mb": 8576.91,
      "memory_percent": 4.44,
      "cpu_percent": 0.39,
      "networks": [
        "client_net",
        "frontend_net"
      ]
    },
    {
      "name": "client-pc-2",
      "timestamp": "2025-11-23T01:48:49.108151",
      "status": "running",
      "healthy": true,
      "issues": [],
      "memory_usage_mb": 311.56,
      "memory_limit_mb": 8576.91,
      "memory_percent": 3.63,
      "cpu_percent": 0.34,
      "networks": [
        "client_net",
        "frontend_net"
      ]
    },
    {
      "name": "client-pc-1",
      "timestamp": "2025-11-23T01:48:51.255428",
      "status": "running",
      "healthy": true,
      "issues": [],
      "memory_usage_mb": 174.42,
      "memory_limit_mb": 8576.91,
      "memory_percent": 2.03,
      "cpu_percent": 0.1,
      "networks": [
        "client_net",
        "frontend_net"
      ]
    },
    {
      "name": "email-server-1",
      "timestamp": "2025-11-23T01:48:53.243356",
      "status": "running",
      "healthy": true,
      "issues": [],
      "memory_usage_mb": 1.35,
      "memory_limit_mb": 8576.91,
      "memory_percent": 0.02,
      "cpu_percent": 0.0,
      "networks": [
        "backend_net",
        "frontend_net"
      ]
    },
    {
      "name": "db-server-1",
      "timestamp": "2025-11-23T01:48:54.981717",
      "status": "running",
      "healthy": true,
      "issues": [],
      "memory_usage_mb": 458.98,
      "memory_limit_mb": 8576.91,
      "memory_percent": 5.35,
      "cpu_percent": 0.19,
      "networks": [
        "backend_net"
      ]
    },
    {
      "name": "web-server-2",
      "timestamp": "2025-11-23T01:48:57.343964",
      "status": "running",
      "healthy": true,
      "issues": [],
      "memory_usage_mb": 3.31,
      "memory_limit_mb": 8576.91,
      "memory_percent": 0.04,
      "cpu_percent": 0.0,
      "networks": [
        "backend_net",
        "frontend_net"
      ]
    },
    {
      "name": "web-server-1",
      "timestamp": "2025-11-23T01:48:59.677866",
      "status": "running",
      "healthy": true,
      "issues": [],
      "memory_usage_mb": 3.33,
      "memory_limit_mb": 8576.91,
      "memory_percent": 0.04,
      "cpu_percent": 0.0,
      "networks": [
        "backend_net",
        "frontend_net"
      ]
    }
  ],
  "summary": {
    "healthy": 7,
    "unhealthy": 0,
    "stopped": 0
  }
}