{
  "timestamp": "2025-11-23T01:51:02.276514",
  "total_containers": 28,
  "checked_containers": [
    {
      "name": "client-pc-3",
      "timestamp": "2025-11-23T01:51:02.279614",
      "status": "running",
      "healthy": true,
      "issues": [],
      "memory_usage_mb": 213.98,
      "memory_limit_mb": 8576.91,
      "memory_percent": 2.49,
      "cpu_percent": 0.4,
      "networks": [
        "client_net",
        "frontend_net"
      ]
    },
    {
      "name": "client-pc-2",
      "timestamp": "2025-11-23T01:51:03.584835",
      "status": "running",
      "healthy": true,
      "issues": [],
      "memory_usage_mb": 214.07,
      "memory_limit_mb": 8576.91,
      "memory_percent": 2.5,
      "cpu_percent": 0.37,
      "networks": [
        "client_net",
        "frontend_net"
      ]
    },
    {
      "name": "client-pc-1",
      "timestamp": "2025-11-23T01:51:05.524232",
      "status": "running",
      "healthy": true,
      "issues": [],
      "memory_usage_mb": 381.5,
      "memory_limit_mb": 8576.91,
      "memory_percent": 4.45,
      "cpu_percent": 0.38,
      "networks": [
        "client_net",
        "frontend_net"
      ]
    },
    {
      "name": "email-server-1",
      "timestamp": "2025-11-23T01:51:07.640083",
      "status": "running",
      "healthy": true,
      "issues": [],
      "memory_usage_mb": 1.36,
      "memory_limit_mb": 8576.91,
      "memory_percent": 0.02,
      "cpu_percent": 0.0,
      "networks": [
        "backend_net",
        "frontend_net"
      ]
    },
    {
      "name": "db-server-1",
      "timestamp": "2025-11-23T01:51:09.474746",
      "status": "running",
      "healthy": true,
      "issues": [],
      "memory_usage_mb": 459.0,
      "memory_limit_mb": 8576.91,
      "memory_percent": 5.35,
      "cpu_percent": 0.2,
      "networks": [
        "backend_net"
      ]
    },
    {
      "name": "web-server-2",
      "timestamp": "2025-11-23T01:51:11.714234",
      "status": "running",
      "healthy": true,
      "issues": [],
      "memory_usage_mb": 10.36,
      "memory_limit_mb": 8576.91,
      "memory_percent": 0.12,
      "cpu_percent": 0.05,
      "networks": [
        "backend_net",
        "frontend_net"
      ]
    },
    {
      "name": "web-server-1",
      "timestamp": "2025-11-23T01:51:13.736517",
      "status": "running",
      "healthy": true,
      "issues": [],
      "memory_usage_mb": 10.39,
      "memory_limit_mb": 8576.91,
      "memory_percent": 0.12,
      "cpu_percent": 0.05,
      "networks": [
        "backend_net",
        "frontend_net"
      ]
    }
  ],
  "summary": {
    "healthy": 7,
    "unhealthy": 0,
    "stopped": 0
  }
}