{
  "timestamp": "2025-11-23T01:41:04.557231",
  "total_containers": 28,
  "checked_containers": [
    {
      "name": "client-pc-3",
      "timestamp": "2025-11-23T01:41:04.563453",
      "status": "running",
      "healthy": true,
      "issues": [],
      "memory_usage_mb": 161.26,
      "memory_limit_mb": 8576.91,
      "memory_percent": 1.88,
      "cpu_percent": 0.24,
      "networks": [
        "frontend_net"
      ]
    },
    {
      "name": "client-pc-1",
      "timestamp": "2025-11-23T01:41:05.895839",
      "healthy": false,
      "issues": [
        "Health check error: 'usage'"
      ]
    },
    {
      "name": "client-pc-2",
      "timestamp": "2025-11-23T01:41:05.908259",
      "healthy": false,
      "issues": [
        "Health check error: 'usage'"
      ]
    },
    {
      "name": "email-server-1",
      "timestamp": "2025-11-23T01:41:05.917122",
      "status": "running",
      "healthy": true,
      "issues": [],
      "memory_usage_mb": 1.48,
      "memory_limit_mb": 8576.91,
      "memory_percent": 0.02,
      "cpu_percent": 0.01,
      "networks": [
        "backend_net",
        "frontend_net"
      ]
    },
    {
      "name": "db-server-1",
      "timestamp": "2025-11-23T01:41:07.659244",
      "status": "running",
      "healthy": true,
      "issues": [],
      "memory_usage_mb": 474.35,
      "memory_limit_mb": 8576.91,
      "memory_percent": 5.53,
      "cpu_percent": 0.53,
      "networks": [
        "backend_net"
      ]
    },
    {
      "name": "web-server-2",
      "timestamp": "2025-11-23T01:41:10.009370",
      "status": "running",
      "healthy": true,
      "issues": [],
      "memory_usage_mb": 52.04,
      "memory_limit_mb": 8576.91,
      "memory_percent": 0.61,
      "cpu_percent": 0.17,
      "networks": [
        "backend_net",
        "frontend_net"
      ]
    },
    {
      "name": "web-server-1",
      "timestamp": "2025-11-23T01:41:12.021688",
      "status": "running",
      "healthy": true,
      "issues": [],
      "memory_usage_mb": 51.93,
      "memory_limit_mb": 8576.91,
      "memory_percent": 0.61,
      "cpu_percent": 0.17,
      "networks": [
        "backend_net",
        "frontend_net"
      ]
    }
  ],
  "summary": {
    "healthy": 5,
    "unhealthy": 0,
    "stopped": 2
  }
}