{
  "timestamp": "2025-11-23T01:36:18.356010",
  "total_containers": 25,
  "checked_containers": [
    {
      "name": "email-server-1",
      "timestamp": "2025-11-23T01:36:18.358517",
      "status": "running",
      "healthy": true,
      "issues": [],
      "memory_usage_mb": 1.48,
      "memory_limit_mb": 8576.91,
      "memory_percent": 0.02,
      "cpu_percent": 0.01,
      "networks": [
        "backend_net",
        "frontend_net"
      ]
    },
    {
      "name": "db-server-1",
      "timestamp": "2025-11-23T01:36:19.383073",
      "status": "running",
      "healthy": true,
      "issues": [],
      "memory_usage_mb": 474.34,
      "memory_limit_mb": 8576.91,
      "memory_percent": 5.53,
      "cpu_percent": 0.51,
      "networks": [
        "backend_net"
      ]
    },
    {
      "name": "web-server-2",
      "timestamp": "2025-11-23T01:36:21.522656",
      "status": "running",
      "healthy": true,
      "issues": [],
      "memory_usage_mb": 52.04,
      "memory_limit_mb": 8576.91,
      "memory_percent": 0.61,
      "cpu_percent": 0.13,
      "networks": [
        "backend_net",
        "frontend_net"
      ]
    },
    {
      "name": "web-server-1",
      "timestamp": "2025-11-23T01:36:23.534206",
      "status": "running",
      "healthy": true,
      "issues": [],
      "memory_usage_mb": 51.93,
      "memory_limit_mb": 8576.91,
      "memory_percent": 0.61,
      "cpu_percent": 0.14,
      "networks": [
        "backend_net",
        "frontend_net"
      ]
    }
  ],
  "summary": {
    "healthy": 4,
    "unhealthy": 0,
    "stopped": 0
  }
}